<?xml version="1.0" encoding="UTF-8"?>
<seiscomp>
	<module name="scesv" category="GUI">
		<description>Event summary view.</description>
		<configuration>
			<group name="scripts">
				<parameter name="script0" type="string">
					<description>
						Path to a script if button0 is clicked.
					</description>
				</parameter>
				<group name="script0">
					<parameter name="oldStyle" type="boolean" default="true">
						<description>
							If enabled, the parameter list of script0 is eventID, arrivalCount,
							magnitude, description.

							If disabled, the parameter list of script0 is eventID, preferredOriginID,
							preferredMagnitudeID, preferredFocalMechanismID.
						</description>
					</parameter>
				</group>
				<parameter name="script1" type="string">
					<description>
						Path to a script if button1 is clicked.
					</description>
				</parameter>
				<group name="script1">
					<parameter name="oldStyle" type="boolean" default="true">
						<description>
						If enabled, the parameter list of script1 is eventID, arrivalCount,
						magnitude, description.

						If disabled, the parameter list of script1 is eventID, preferredOriginID,
						preferredMagnitudeID, preferredFocalMechanismID.
						</description>
					</parameter>
				</group>
			</group>
			<group name="summary">
				<parameter name="borders" type="boolean" default="false">
					<description>
						Draw borders in the summary panel.
					</description>
				</parameter>
			</group>
			<parameter name="ignoreOtherEvents" type="boolean" default="true">
				<description>
					If the event type is either &quot;other&quot; or &quot;not existing&quot;
					and this flag is true then the event will not be shown.
				</description>
			</parameter>
			<group name="display">
				<parameter name="lonmin" type="double">
					<description>
						Minimum longitude of initial displayed map region.
					</description>
				</parameter>
				<parameter name="lonmax" type="double">
					<description>
						Maximum longitude of initial displayed map region.
					</description>
				</parameter>
				<parameter name="latmin" type="double">
					<description>
						Minimum latitude of initial displayed map region.
					</description>
				</parameter>
				<parameter name="latmax" type="double">
					<description>
						Maximum latitude of initial displayed map region.
					</description>
				</parameter>
				<group name="event">
					<group name="comment">
						<parameter name="id" type="string">
							<description>
							</description>
						</parameter>
						<parameter name="default" type="string">
							<description>
							</description>
						</parameter>
						<parameter name="label" type="string">
							<description>
							</description>
						</parameter>
					</group>
				</group>
				<group name="origin">
					<group name="comment">
						<parameter name="id" type="string">
							<description>
							</description>
						</parameter>
						<parameter name="default" type="string">
							<description>
							</description>
						</parameter>
						<parameter name="label" type="string">
							<description>
							</description>
						</parameter>
					</group>
				</group>
			</group>
			<group name="poi">
				<parameter name="maxDist" type="double" unit="deg" default="20">
					<description>
						Maximum distance in degrees of a POI (point of interest read
						from cities.xml) to be taken into account.
					</description>
				</parameter>
				<parameter name="minPopulation" type="double">
					<description>
						The minimum population of a POI to be taken into account.
					</description>
				</parameter>
				<parameter name="message" type="string">
					<description>
						Message conversion string that converts a POI into the text
						displayed under the region label. There are different placeholders
						that can be used: @dist@, @dir@, @poi@ and @region@.
					</description>
				</parameter>
			</group>
			<parameter name="showLastAutomaticSolution" type="boolean" default="false">
				<description>
					If enabled the last automatic solution is displayed next to the
					current solution in the summary panel. If the last automatic
					solution differs from the current solution it is displayed
					in red. If both solutions match it is displayed in gray.
				</description>
			</parameter>
			<parameter name="showOnlyMostRecentEvent" type="boolean" default="true">
				<description>
					If enabled only the most recent event is shown even if an update of
					an older event is being received.
				</description>
			</parameter>
			<parameter name="enableFixAutomaticSolutions" type="boolean" default="false">
				<description>
					If enabled an additional button is displayed which allows to switch back
					the latest automatic solution. This button triggers an command for
					scevent to prioritize automatic solutions until the next manual
					solution is available.
				</description>
			</parameter>
			<parameter name="visibleMagnitudes" type="list:string" default="M,MLv,mb,mB,Mw(mB)">
				<description>
					A list of magnitude types to be displayed.
				</description>
			</parameter>
			<parameter name="button0" type="string">
				<description>
					Label of button0 which triggers script0.
				</description>
			</parameter>
			<parameter name="button1" type="string">
				<description>
					Label of button1 which triggers script1.
				</description>
			</parameter>
		</configuration>
	</module>
</seiscomp>
