<?xml version="1.0" encoding="UTF-8"?>
<seiscomp>
	<module name="tab2inv" category="Inventory" standalone="true">
		<description>tab to sc3 inventory converter</description>

		<command-line>
			<synopsis>tab2inv [options] tab-file [more-tab-file]</synopsis>
			<option long-flag="version">
				<description>Prints program version and exit</description>
			</option>
			
			<group name="Options">
			<description>
				This is the default set of options accepted by the tab2inv program.
			</description>
			
			<option long-flag="help" flag="h">
				<description>Prints a small program help and exit</description>
			</option>
			
			<option long-flag="filterf" flag="f">
				<description>Indicate the filter folder. The filter folder is where the program will search for the files indicated by the Ff and If lines.</description>
			</option>
			
			<option long-flag="xmlf" flag="x">
				<description>Indicate a folder containing a set of XML files that contains the SeisComp3 inventory files that will be used to resolve the station groups. Normally this folder is the seiscomp3/etc/inventory folder.</description>
			</option>
			
			<option long-flag="database" flag="D">
				<description></description>
			</option>
			
			<option long-flag="force" flag="f">
				<description>Don't stop on errors of individual files. Try to perform the requested task even that some files contain formatting errors.</description>
			</option>
			
			<option long-flag="generate" flag="g">
				<description>This option instruct the program to generate the XML document in the end of processing. When you don't supply this option the file is just parsed and loaded into objects in the memory.</description>
			</option>
			
			<option long-flag="check" flag="c">
				<description>Perform some tests after the files can be loaded. The tests include testing that the instruments all can be resolved and has no unused instruments supplied.</description>
			</option>
			
			<option long-flag="default" flag="d">
				<description>Use this option to indicate a default file. A default file is a file containing normally a set of rules for Network (Na), Stations (Sa) and Instruments (Ia) that are applied for every object created before the attributes specified in the file are applied. This option help to set parameters that you want to be set on all objects.</description>
			</option>
			
			<option long-flag="output" flag="o">
				<description>Use this option to indicate the output filename for the XML file, if not indicated the program will write the output file to the STDOUT.</description>
			</option>
			
			<option long-flag="ip" flag="i">
				<description>This option allow the prefixing of the instrument (Dataloger or Sensor) name attribute on the inventory generated by a prefix. This option is normally used when you want to convert many networks that share the same instrumentation in different calls of the program. In each call of the program you can supply the network code and year as padding to guarantee that the instruments generated in both runs of the program will have different name values that are used as Key on the SeisComp3 inventory.</description>
			</option>
			</group>
		</command-line>
	</module>
</seiscomp>
